x,y,xerr,yerr
0.1,0.9048374180359595,0.2,0.4
0.6,0.5488116360940265,0.2,0.4
1.1,0.33287108369807955,0.2,0.4
1.6,0.20189651799465538,0.2,0.4
2.1,0.1224564282529819,0.2,0.4
2.6,0.07427357821433388,0.2,0.4
3.1,0.0450492023935578,0.2,0.4
3.6,0.02732372244729256,0.2,0.4
