people,y_pos,performance,error
Tom,0,10.003673039391197,0.706334845954607
Dick,1,10.427508094125805,0.24791575870265026
Harry,2,10.092800106939182,0.1578833509209533
Slim,3,8.66745522467117,0.6976985214057552
Jim,4,12.777853328245762,0.7199566667439904
