x,y,error,lower_error,upper_error
0.1,0.9048374180359595,0.12000000000000001,0.04800000000000001,0.12000000000000001
0.6,0.5488116360940265,0.22,0.08800000000000001,0.22
1.1,0.33287108369807955,0.32000000000000006,0.12800000000000003,0.32000000000000006
1.6,0.20189651799465538,0.42000000000000004,0.16800000000000004,0.42000000000000004
2.1,0.1224564282529819,0.52,0.20800000000000002,0.52
2.6,0.07427357821433388,0.62,0.248,0.62
3.1,0.0450492023935578,0.7200000000000001,0.28800000000000003,0.7200000000000001
3.6,0.02732372244729256,0.8200000000000001,0.32800000000000007,0.8200000000000001
